date,open,high,low,close,volume
2020-11-05,1.667,1.733,1.667,1.733,239647679
2020-11-06,1.742,1.776,1.695,1.723,284946063
2020-11-09,1.736,1.767,1.709,1.762,272050563
2020-11-10,1.756,1.756,1.686,1.724,191303200
2020-11-11,1.703,1.747,1.657,1.659,234685737
2020-11-12,1.669,1.704,1.669,1.679,135810447
2020-11-13,1.706,1.744,1.692,1.723,193497922
2020-11-16,1.708,1.723,1.67,1.72,137667956
2020-11-17,1.73,1.745,1.672,1.688,154159800
2020-11-18,1.688,1.701,1.641,1.65,155249206
2020-11-19,1.656,1.66,1.624,1.65,116072300
2020-11-20,1.655,1.71,1.654,1.707,178688215
2020-11-23,1.72,1.761,1.704,1.751,185690145
2020-11-24,1.795,1.796,1.749,1.766,172897949
2020-11-25,1.768,1.782,1.725,1.733,156842719
2020-11-26,1.724,1.733,1.668,1.7,159960882
2020-11-27,1.69,1.716,1.664,1.694,133428100
2020-11-30,1.691,1.703,1.656,1.68,126266986
2020-12-01,1.67,1.713,1.664,1.712,128367656
2020-12-02,1.705,1.708,1.673,1.693,120879997
2020-12-03,1.683,1.703,1.662,1.692,96920800
2020-12-04,1.681,1.722,1.68,1.717,126416092
2020-12-07,1.713,1.751,1.711,1.737,109613507
2020-12-08,1.75,1.787,1.746,1.775,132648844
2020-12-09,1.781,1.801,1.745,1.757,119988044
2020-12-10,1.731,1.755,1.705,1.736,114165300
2020-12-11,1.741,1.752,1.711,1.737,90553006
2020-12-14,1.727,1.786,1.711,1.785,121574300
2020-12-15,1.781,1.808,1.767,1.803,130307113
2020-12-16,1.808,1.813,1.79,1.802,89009905
2020-12-17,1.8,1.83,1.785,1.828,98944585
2020-12-18,1.834,1.892,1.824,1.884,143972522
2020-12-21,1.893,2.019,1.888,2.011,177909179
2020-12-22,1.999,2.022,1.934,1.942,227109511
2020-12-23,1.943,2.016,1.943,1.975,202413787
2020-12-24,1.974,1.987,1.944,1.958,122205891
2020-12-25,1.956,2.041,1.952,2.04,162315426
2020-12-28,2.042,2.057,1.995,2.045,159121768
2020-12-29,2.023,2.04,1.928,1.935,301109722
2020-12-30,1.959,2.05,1.959,2.033,291462250
2020-12-31,2.035,2.084,2.035,2.08,177887275
2021-01-04,2.119,2.27,2.116,2.255,225786745
2021-01-05,2.258,2.286,2.202,2.274,298594108
2021-01-06,2.291,2.311,2.201,2.245,345017119
2021-01-07,2.24,2.333,2.22,2.311,274427995
2021-01-08,2.348,2.358,2.22,2.285,294346369
2021-01-11,2.288,2.296,2.181,2.197,312610395
2021-01-12,2.175,2.264,2.141,2.248,264774648
2021-01-13,2.261,2.319,2.16,2.176,334259113
2021-01-14,2.143,2.17,2.086,2.118,293870101
2021-01-15,2.118,2.18,2.075,2.169,250210254
2021-01-18,2.142,2.2,2.11,2.187,194764763
2021-01-19,2.185,2.207,2.11,2.126,170423321
2021-01-20,2.151,2.235,2.145,2.224,279794059
2021-01-21,2.218,2.311,2.19,2.288,203658086
2021-01-22,2.285,2.356,2.272,2.347,175820181
2021-01-25,2.368,2.451,2.338,2.358,222379415
2021-01-26,2.351,2.38,2.274,2.308,172495390
2021-01-27,2.302,2.346,2.232,2.332,162484239
2021-01-28,2.278,2.3,2.229,2.237,183579025
2021-01-29,2.254,2.274,2.136,2.19,223028429
2021-02-01,2.178,2.224,2.156,2.185,144119286
2021-02-02,2.202,2.302,2.189,2.3,239972158
2021-02-03,2.32,2.354,2.291,2.299,161571225
2021-02-04,2.289,2.313,2.208,2.246,146115200
2021-02-05,2.257,2.28,2.162,2.164,191930400
2021-02-08,2.172,2.223,2.115,2.216,164050762
2021-02-09,2.228,2.304,2.223,2.295,150768870
2021-02-10,2.315,2.33,2.255,2.321,163686700
2021-02-18,2.392,2.4,2.252,2.29,164901131
2021-02-19,2.256,2.278,2.18,2.245,170768606
2021-02-22,2.252,2.285,2.2,2.203,139450209
2021-02-23,2.165,2.2,2.13,2.152,161335251
2021-02-24,2.145,2.166,2.022,2.044,226185131
2021-02-25,2.08,2.089,1.99,2.004,158720400
2021-02-26,1.921,1.981,1.915,1.949,171053022
2021-03-01,1.987,2.048,1.973,2.046,213253468
2021-03-02,2.07,2.075,2.012,2.039,106016377
2021-03-03,2.02,2.08,2.006,2.075,116495800
2021-03-04,2.034,2.039,1.93,1.937,228866500
2021-03-05,1.899,1.963,1.873,1.945,137778400
2021-03-08,1.95,1.966,1.828,1.835,151246800
2021-03-09,1.826,1.878,1.746,1.805,190765892
2021-03-10,1.873,1.895,1.841,1.853,137935884
2021-03-11,1.844,1.918,1.841,1.907,148819658
2021-03-12,1.923,1.936,1.881,1.915,107893253
2021-03-15,1.899,1.913,1.832,1.857,111280600
2021-03-16,1.885,1.886,1.832,1.861,61156700
2021-03-17,1.85,1.917,1.83,1.91,93789377
2021-03-18,1.917,1.947,1.91,1.916,75481558
2021-03-19,1.876,1.894,1.837,1.857,86761583
2021-03-22,1.85,1.891,1.845,1.875,59849317
2021-03-23,1.861,1.861,1.783,1.807,106746223
2021-03-24,1.785,1.81,1.739,1.743,90073010
2021-03-25,1.714,1.786,1.714,1.774,112277326
2021-03-26,1.781,1.868,1.781,1.86,150766179
2021-03-29,1.86,1.865,1.832,1.84,75711129
2021-03-30,1.823,1.87,1.817,1.866,56290676
2021-03-31,1.87,1.88,1.821,1.839,53090109
2021-04-01,1.868,1.885,1.856,1.877,74175388
2021-04-02,1.88,1.916,1.865,1.903,74856370
2021-04-06,1.922,1.937,1.894,1.91,73007347
2021-04-07,1.918,1.923,1.875,1.896,60034469
2021-04-08,1.883,1.9,1.868,1.885,68821270
2021-04-09,1.89,1.893,1.842,1.852,61304200
2021-04-12,1.842,1.862,1.781,1.792,76653500
2021-04-13,1.786,1.83,1.781,1.802,53321600
2021-04-14,1.809,1.89,1.808,1.89,128392000
2021-04-15,1.873,1.89,1.85,1.885,65719400
2021-04-16,1.894,1.898,1.845,1.872,87236400
2021-04-19,1.875,2.012,1.872,2.009,287146449
2021-04-20,1.997,2.009,1.973,1.982,154748640
2021-04-21,1.96,1.98,1.942,1.978,107314200
2021-04-22,1.988,2.0,1.964,1.982,89353900
2021-04-23,1.963,2.022,1.963,2.013,108161000
2021-04-26,2.015,2.048,1.977,1.981,103401886
2021-04-27,1.98,1.996,1.94,1.972,97259414
2021-04-28,1.966,2.035,1.962,2.024,106760000
2021-04-29,2.024,2.034,1.994,2.025,81299000
2021-04-30,2.016,2.079,2.008,2.064,123977427
2021-05-06,2.058,2.07,2.011,2.048,78972388
2021-05-07,2.043,2.067,1.984,1.986,125962700
2021-05-10,1.987,2.016,1.976,2.009,67623600
2021-05-11,1.976,1.985,1.929,1.967,130030906
2021-05-12,1.957,1.986,1.951,1.977,71692900
2021-05-13,1.938,1.952,1.922,1.93,95663500
2021-05-14,1.936,1.997,1.919,1.989,105962432
2021-05-17,1.992,2.091,1.99,2.085,187460646
2021-05-18,2.084,2.109,2.076,2.087,92036300
2021-05-19,2.085,2.183,2.074,2.166,167449399
2021-05-20,2.151,2.189,2.145,2.172,106844634
2021-05-21,2.193,2.205,2.145,2.165,92644574
2021-05-24,2.17,2.185,2.153,2.178,72699923
2021-05-25,2.178,2.213,2.169,2.206,132814795
2021-05-26,2.206,2.221,2.18,2.19,83822995
2021-05-27,2.197,2.2,2.17,2.2,78340122
2021-05-28,2.214,2.326,2.214,2.289,190803199
2021-05-31,2.303,2.406,2.303,2.404,135543291
2021-06-01,2.391,2.404,2.331,2.389,152352654
2021-06-02,2.388,2.422,2.348,2.373,122311488
2021-06-03,2.363,2.402,2.321,2.362,101758601
2021-06-04,2.336,2.46,2.33,2.424,147976600
2021-06-07,2.415,2.422,2.344,2.369,162746140
2021-06-08,2.361,2.437,2.316,2.348,138291693
2021-06-09,2.349,2.367,2.326,2.343,108428081
2021-06-10,2.343,2.445,2.341,2.43,168119126
2021-06-11,2.443,2.49,2.41,2.467,113027648
2021-06-15,2.472,2.499,2.406,2.448,88519800
2021-06-16,2.431,2.432,2.274,2.289,221364225
2021-06-17,2.289,2.36,2.289,2.359,160790947
2021-06-18,2.376,2.49,2.375,2.475,166267350
2021-06-21,2.471,2.525,2.431,2.484,111874646
2021-06-22,2.487,2.499,2.435,2.48,72553145
2021-06-23,2.491,2.578,2.485,2.55,161364329
2021-06-24,2.563,2.58,2.508,2.521,132761647
2021-06-25,2.53,2.581,2.508,2.577,105844906
2021-06-28,2.577,2.66,2.568,2.64,115435713
2021-06-29,2.674,2.699,2.617,2.64,178872661
2021-06-30,2.646,2.731,2.619,2.72,120672253
2021-07-01,2.733,2.737,2.655,2.675,123029198
2021-07-02,2.643,2.711,2.62,2.669,132873444
2021-07-05,2.655,2.756,2.655,2.748,115998996
2021-07-06,2.755,2.839,2.675,2.748,175547097
2021-07-07,2.713,2.908,2.68,2.907,206462403
2021-07-08,2.915,2.993,2.915,2.953,128959602
2021-07-09,2.932,3.03,2.88,3.007,165704363
2021-07-12,3.052,3.208,3.051,3.176,182273882
2021-07-13,3.178,3.193,3.098,3.167,156815426
2021-07-14,3.125,3.125,3.01,3.014,224134318
2021-07-15,2.975,3.085,2.956,3.08,176778664
2021-07-16,3.046,3.08,2.928,2.94,189888615
2021-07-19,2.904,2.982,2.857,2.89,207295759
2021-07-20,2.852,2.961,2.852,2.955,124701400
2021-07-21,2.988,3.129,2.986,3.115,218939075
2021-07-22,3.144,3.151,3.061,3.136,132093925
2021-07-23,3.133,3.208,3.075,3.113,160391139
2021-07-26,3.083,3.127,2.957,3.06,160478461
2021-07-27,3.043,3.131,2.86,2.873,223476183
2021-07-28,2.807,2.957,2.78,2.891,188004300
2021-07-29,2.984,3.07,2.932,3.069,163004300
2021-07-30,3.07,3.128,3.0,3.051,165438047
2021-08-02,3.11,3.207,3.019,3.129,220703000
2021-08-03,3.142,3.148,2.993,3.018,181422400
2021-08-04,3.01,3.288,3.006,3.283,300586627
2021-08-05,3.255,3.275,3.18,3.248,148240087
2021-08-06,3.324,3.42,3.251,3.285,182333161
2021-08-09,3.237,3.237,3.103,3.188,207745266
2021-08-10,3.165,3.222,3.042,3.122,225224967
2021-08-11,3.122,3.194,3.089,3.174,148629584
2021-08-12,3.15,3.21,3.114,3.182,117559143
2021-08-13,3.154,3.296,3.136,3.164,153808227
2021-08-16,3.115,3.121,2.988,3.015,233814860
2021-08-17,2.993,3.046,2.939,2.966,133314439
2021-08-18,2.975,3.049,2.953,2.994,115668851
2021-08-19,2.988,3.125,2.947,3.089,175363092
2021-08-20,3.054,3.12,3.011,3.057,153533750
2021-08-23,3.069,3.149,3.025,3.133,135524243
2021-08-24,3.141,3.259,3.13,3.215,147811820
2021-08-25,3.225,3.227,3.137,3.218,125061500
2021-08-26,3.22,3.271,3.154,3.156,127503862
2021-08-27,3.138,3.225,3.125,3.207,110993677
2021-08-30,3.184,3.316,3.173,3.241,130717011
2021-08-31,3.236,3.245,3.155,3.202,106623499
2021-09-01,3.215,3.219,3.01,3.069,153298393
2021-09-02,3.043,3.112,3.033,3.086,81347399
2021-09-03,3.076,3.093,2.93,2.968,146801500
2021-09-06,2.968,3.092,2.946,3.086,123447582
2021-09-07,3.089,3.205,3.072,3.194,131763777
2021-09-08,3.194,3.197,3.123,3.135,76775899
2021-09-09,3.167,3.203,3.091,3.157,98711912
2021-09-10,3.137,3.184,3.111,3.171,85046700
2021-09-13,3.184,3.212,3.118,3.146,76004339
2021-09-14,3.14,3.298,3.089,3.234,148700308
2021-09-15,3.231,3.27,3.194,3.25,82873148
2021-09-16,3.25,3.25,3.111,3.114,102546400
2021-09-17,3.095,3.176,3.068,3.148,76417517
2021-09-22,3.107,3.14,3.09,3.118,51353345
2021-09-23,3.15,3.163,3.109,3.115,54207100
2021-09-24,3.104,3.198,3.063,3.119,77933139
2021-09-27,3.114,3.164,3.0,3.053,86336300
2021-09-28,3.029,3.074,2.973,2.983,80567100
2021-09-29,2.951,2.99,2.889,2.905,118778900
2021-09-30,2.914,3.05,2.914,3.044,90042300
2021-10-08,3.099,3.133,2.962,2.984,95919200
2021-10-11,2.98,3.032,2.922,2.99,69205615
2021-10-12,2.976,2.993,2.871,2.895,92667600
2021-10-13,2.899,3.015,2.898,3.012,83192500
2021-10-14,3.012,3.051,2.999,3.03,74594664
2021-10-15,3.022,3.137,2.992,3.123,101050600
2021-10-18,3.133,3.204,3.108,3.202,109925965
2021-10-19,3.208,3.259,3.192,3.203,82187266
2021-10-20,3.194,3.312,3.19,3.265,132120299
2021-10-21,3.261,3.275,3.21,3.236,64226869
2021-10-22,3.251,3.279,3.202,3.227,63255705
2021-10-25,3.223,3.331,3.22,3.33,105693500
2021-10-26,3.399,3.423,3.317,3.341,83278532
2021-10-27,3.331,3.417,3.317,3.385,89217000
2021-10-28,3.385,3.439,3.31,3.332,86253532
2021-10-29,3.32,3.373,3.255,3.372,87974043
2021-11-01,3.36,3.386,3.28,3.314,140944876
2021-11-02,3.328,3.39,3.286,3.333,81615269
2021-11-03,3.298,3.32,3.216,3.261,101619869
2021-11-04,3.283,3.363,3.283,3.328,92435069
2021-11-05,3.328,3.38,3.279,3.285,77044650
2021-11-08,3.284,3.432,3.282,3.42,112561200
2021-11-09,3.426,3.465,3.402,3.445,67543432
2021-11-10,3.407,3.416,3.296,3.354,162694722
2021-11-11,3.37,3.399,3.341,3.364,75608300
2021-11-12,3.365,3.384,3.341,3.371,67877800
2021-11-15,3.367,3.37,3.233,3.256,144305265
2021-11-16,3.233,3.261,3.189,3.199,128885765
2021-11-17,3.22,3.274,3.22,3.246,145036814
2021-11-18,3.236,3.277,3.19,3.243,85670884
2021-11-19,3.244,3.283,3.23,3.258,58509100
2021-11-22,3.285,3.425,3.285,3.422,150207049
2021-11-23,3.425,3.427,3.375,3.415,59503416
2021-11-24,3.408,3.447,3.352,3.367,117291103
2021-11-25,3.364,3.365,3.317,3.338,71067565
2021-11-26,3.333,3.418,3.33,3.396,80724700
2021-11-29,3.33,3.475,3.329,3.462,89050600
2021-11-30,3.47,3.476,3.418,3.441,64973000
2021-12-01,3.425,3.468,3.381,3.42,65282826
2021-12-02,3.416,3.458,3.406,3.434,59115126
2021-12-03,3.433,3.451,3.405,3.436,55027000
2021-12-06,3.403,3.428,3.33,3.345,101229704
2021-12-07,3.353,3.363,3.206,3.23,146810745
2021-12-08,3.251,3.316,3.251,3.315,99753274
2021-12-09,3.31,3.321,3.284,3.316,58025800
2021-12-10,3.282,3.358,3.267,3.353,83163765
2021-12-13,3.353,3.356,3.308,3.342,95883603
2021-12-14,3.318,3.336,3.288,3.303,67268900
2021-12-15,3.297,3.32,3.26,3.267,60295100
2021-12-16,3.28,3.285,3.232,3.261,57936474
2021-12-17,3.25,3.253,3.186,3.19,97476800
2021-12-20,3.176,3.187,3.043,3.057,120107828
2021-12-21,3.04,3.1,3.027,3.075,97610700
2021-12-22,3.095,3.115,3.08,3.094,62095900
2021-12-23,3.119,3.125,3.062,3.081,100746700
2021-12-24,3.089,3.09,2.92,2.949,144897283
2021-12-27,2.938,3.0,2.933,2.967,84373000
2021-12-28,2.97,3.058,2.97,3.052,101752887
2021-12-29,3.055,3.062,3.02,3.039,177449387
2021-12-30,3.03,3.057,3.019,3.029,88717200
2021-12-31,3.038,3.071,3.029,3.044,78941364
2022-01-04,3.108,3.12,2.965,2.977,109988100
2022-01-05,2.962,2.963,2.841,2.854,124768700
2022-01-06,2.83,2.877,2.79,2.865,99137000
2022-01-07,2.864,2.876,2.773,2.792,121563100
2022-01-10,2.787,2.824,2.754,2.795,64150137
2022-01-11,2.8,2.833,2.751,2.76,69150375
2022-01-12,2.834,2.906,2.82,2.899,160259433
2022-01-13,2.91,2.91,2.827,2.859,130070112
2022-01-14,2.828,2.909,2.821,2.888,88023300
2022-01-17,2.888,2.957,2.88,2.948,64295343
2022-01-18,2.942,2.955,2.911,2.93,42790243
2022-01-19,2.923,2.934,2.787,2.823,106319082
2022-01-20,2.804,2.842,2.795,2.809,61373400
2022-01-21,2.801,2.841,2.765,2.806,69058541
2022-01-24,2.783,2.877,2.78,2.868,95545300
2022-01-25,2.846,2.893,2.794,2.81,84566400
2022-01-26,2.82,2.843,2.778,2.828,73762000
2022-01-27,2.809,2.836,2.73,2.739,87250800
2022-01-28,2.75,2.778,2.669,2.718,88282700
2022-02-07,2.792,2.835,2.734,2.747,74553500
2022-02-08,2.734,2.735,2.577,2.641,135646900
2022-02-09,2.648,2.677,2.587,2.672,89651969
2022-02-10,2.676,2.679,2.575,2.603,110558769
2022-02-11,2.581,2.643,2.549,2.565,104928400
2022-02-14,2.55,2.625,2.531,2.586,85595527
2022-02-15,2.596,2.704,2.596,2.695,159927483
2022-02-16,2.718,2.745,2.69,2.704,91868210
2022-02-17,2.691,2.812,2.689,2.778,148867223
2022-02-18,2.76,2.77,2.731,2.747,69440000
2022-02-21,2.735,2.764,2.717,2.733,59649300
2022-02-22,2.715,2.741,2.69,2.733,71888900
2022-02-23,2.733,2.837,2.732,2.832,93886480
2022-02-24,2.813,2.848,2.745,2.791,86026489
2022-02-25,2.825,2.881,2.824,2.843,61655000
2022-02-28,2.832,2.884,2.83,2.871,65409689
2022-03-01,2.892,2.905,2.821,2.845,62238500
2022-03-02,2.827,2.828,2.766,2.79,96545400
2022-03-03,2.797,2.807,2.72,2.725,78318700
2022-03-04,2.678,2.726,2.624,2.641,112044297
2022-03-07,2.628,2.628,2.521,2.531,84154200
2022-03-08,2.53,2.561,2.414,2.439,100780227
2022-03-09,2.445,2.456,2.32,2.428,120169800
2022-03-10,2.52,2.57,2.512,2.558,126492899
2022-03-11,2.49,2.54,2.454,2.538,91365695
2022-03-14,2.484,2.503,2.448,2.45,67914800
2022-03-15,2.425,2.518,2.404,2.426,85973021
2022-03-16,2.474,2.582,2.42,2.574,208975100
2022-03-17,2.613,2.674,2.611,2.614,136171000
2022-03-18,2.596,2.609,2.558,2.6,81024500
2022-03-21,2.607,2.681,2.601,2.644,80772300
2022-03-22,2.635,2.67,2.61,2.627,54198802
2022-03-23,2.651,2.659,2.603,2.617,65281300
2022-03-24,2.588,2.62,2.55,2.596,68356200
2022-03-25,2.596,2.608,2.519,2.522,70359700
2022-03-28,2.5,2.512,2.446,2.46,78703900
2022-03-29,2.49,2.513,2.457,2.474,85202700
2022-03-30,2.49,2.593,2.49,2.591,108955693
2022-03-31,2.578,2.578,2.498,2.517,100897900
2022-04-01,2.49,2.573,2.487,2.542,75778600
2022-04-06,2.545,2.549,2.475,2.494,60227800
2022-04-07,2.461,2.499,2.442,2.459,53962000
2022-04-08,2.452,2.482,2.414,2.434,51779300
2022-04-11,2.4,2.4,2.264,2.268,134013100
2022-04-12,2.26,2.306,2.256,2.306,67766099
2022-04-13,2.291,2.332,2.261,2.28,164712299
2022-04-14,2.314,2.323,2.258,2.273,96166200
2022-04-15,2.243,2.26,2.182,2.241,99949500
2022-04-18,2.227,2.267,2.176,2.265,98567300
2022-04-19,2.264,2.311,2.248,2.257,76468700
2022-04-20,2.259,2.27,2.184,2.189,72914800
2022-04-21,2.175,2.201,2.097,2.112,81792959
2022-04-22,2.095,2.119,2.07,2.083,75722800
2022-04-25,2.036,2.037,1.926,1.927,88990400
2022-04-26,1.947,1.958,1.896,1.903,81098704
2022-04-27,1.869,2.089,1.851,2.074,177366213
2022-04-28,2.043,2.125,2.036,2.074,106065035
2022-04-29,2.1,2.189,2.065,2.186,131844490
2022-05-05,2.145,2.201,2.117,2.174,123084065
2022-05-06,2.1,2.163,2.091,2.127,62295140
2022-05-09,2.106,2.136,2.09,2.106,61841100
2022-05-10,2.067,2.179,2.065,2.169,73376500
2022-05-11,2.165,2.348,2.165,2.287,133581654
2022-05-12,2.27,2.297,2.247,2.282,71435597
2022-05-13,2.295,2.324,2.273,2.313,64258200
2022-05-16,2.339,2.368,2.293,2.3,88923996
2022-05-17,2.297,2.408,2.292,2.394,134516299
2022-05-18,2.399,2.43,2.38,2.398,85334899
2022-05-19,2.356,2.442,2.356,2.441,81737800
2022-05-20,2.449,2.489,2.417,2.463,81616901
2022-05-23,2.475,2.491,2.434,2.479,64715500
2022-05-24,2.476,2.476,2.373,2.375,152330500
2022-05-25,2.366,2.395,2.335,2.382,71687900
2022-05-26,2.386,2.417,2.327,2.378,75575400
2022-05-27,2.395,2.453,2.367,2.389,77035500
2022-05-30,2.405,2.435,2.39,2.434,103990983
2022-05-31,2.437,2.465,2.396,2.457,110662600
2022-06-01,2.452,2.512,2.425,2.504,91257925
2022-06-02,2.481,2.574,2.478,2.562,106320940
2022-06-06,2.566,2.722,2.564,2.699,148259156
2022-06-07,2.699,2.716,2.65,2.681,90484040
2022-06-08,2.682,2.735,2.639,2.723,183766400
2022-06-09,2.707,2.715,2.634,2.653,157949170
2022-06-10,2.624,2.779,2.624,2.778,230116877
2022-06-13,2.734,2.853,2.734,2.821,211631524
2022-06-14,2.774,2.83,2.72,2.819,148665684
2022-06-15,2.833,2.873,2.776,2.793,165656681
2022-06-16,2.8,2.843,2.789,2.806,126738025
2022-06-17,2.78,2.933,2.77,2.926,185901148
2022-06-20,2.953,3.021,2.95,2.969,157533100
2022-06-21,2.968,2.972,2.889,2.925,111951746
2022-06-22,2.941,2.991,2.924,2.93,121546400
2022-06-23,2.948,3.05,2.921,3.047,138336269
2022-06-24,3.082,3.093,3.015,3.082,132259580
2022-06-27,3.091,3.158,3.081,3.11,103482108
2022-06-28,3.107,3.155,3.07,3.152,91131200
2022-06-29,3.128,3.13,2.993,3.0,163921627
2022-06-30,2.989,3.066,2.989,3.04,115264160
2022-07-01,3.024,3.09,3.0,3.057,95195385
2022-07-04,3.027,3.131,3.027,3.128,101741322
2022-07-05,3.142,3.184,3.083,3.136,95299679
2022-07-06,3.116,3.162,3.08,3.113,97176106
2022-07-07,3.113,3.202,3.098,3.201,127240767
2022-07-08,3.206,3.228,3.112,3.114,103915867
2022-07-11,3.1,3.101,2.95,2.989,168119512
2022-07-12,2.98,3.007,2.883,2.909,165861100
2022-07-13,2.906,2.994,2.844,2.963,133949500
2022-07-14,2.938,3.072,2.936,3.051,116437994
2022-07-15,3.048,3.12,3.021,3.022,93479569
2022-07-18,3.026,3.05,2.96,3.035,86399200
2022-07-19,3.039,3.065,2.988,3.0,67792666
2022-07-20,3.01,3.048,2.988,3.0,58703100
2022-07-21,2.986,3.014,2.936,2.939,77090678
2022-07-22,2.972,2.992,2.907,2.94,98972300
2022-07-25,2.928,2.951,2.896,2.906,70259812
2022-07-26,2.9,2.975,2.895,2.94,77206899
2022-07-27,2.945,2.974,2.899,2.958,72774912
2022-07-28,2.988,2.996,2.91,2.918,79127600
2022-07-29,2.925,2.945,2.883,2.887,77027645
2022-08-01,2.879,3.0,2.86,2.999,111717982
2022-08-02,2.953,2.975,2.901,2.919,104300242
2022-08-03,2.927,2.978,2.821,2.838,95691900
2022-08-04,2.864,2.885,2.807,2.854,61650036
2022-08-05,2.853,2.888,2.817,2.877,71966800
2022-08-08,2.866,2.892,2.838,2.885,72819700
2022-08-09,2.89,2.939,2.873,2.914,59375100
2022-08-10,2.91,2.928,2.846,2.863,66910076
2022-08-11,2.878,2.902,2.815,2.901,92107243
2022-08-12,2.89,2.916,2.852,2.854,65236900
2022-08-15,2.844,2.958,2.84,2.92,89512481
2022-08-16,2.926,2.964,2.916,2.937,73524286
2022-08-17,2.937,2.95,2.883,2.947,79802300
2022-08-18,2.942,2.975,2.924,2.937,60593305
2022-08-19,2.928,2.935,2.84,2.843,97492000
2022-08-22,2.836,2.946,2.808,2.942,104004797
2022-08-23,2.934,2.975,2.924,2.956,78321642
2022-08-24,2.985,2.991,2.822,2.837,144355271
2022-08-25,2.829,2.85,2.741,2.776,105262644
2022-08-26,2.794,2.819,2.757,2.772,74464600
2022-08-29,2.74,2.759,2.716,2.738,63239575
2022-08-30,2.752,2.754,2.711,2.72,59915028
2022-08-31,2.686,2.711,2.599,2.615,113629199
2022-09-01,2.616,2.644,2.572,2.577,79634724
2022-09-02,2.584,2.603,2.543,2.559,89107123
2022-09-05,2.537,2.569,2.527,2.558,67013197
2022-09-06,2.569,2.598,2.515,2.594,85811671
2022-09-07,2.58,2.665,2.569,2.646,76332977
2022-09-08,2.631,2.648,2.576,2.58,65687289
2022-09-09,2.58,2.617,2.569,2.612,60068871
2022-09-13,2.63,2.641,2.599,2.629,50038700
2022-09-14,2.59,2.604,2.548,2.571,61255000
2022-09-15,2.58,2.585,2.45,2.465,89751549
2022-09-16,2.46,2.46,2.399,2.407,64513300
2022-09-19,2.406,2.469,2.39,2.435,61252700
2022-09-20,2.45,2.53,2.45,2.498,72370803
2022-09-21,2.48,2.5,2.46,2.481,62148272
2022-09-22,2.457,2.502,2.44,2.473,54934968
2022-09-23,2.46,2.487,2.405,2.443,56322080
2022-09-26,2.418,2.511,2.418,2.477,68693200
2022-09-27,2.491,2.5,2.429,2.474,68535213
2022-09-28,2.462,2.464,2.36,2.363,69109913
2022-09-29,2.388,2.419,2.371,2.39,53378300
2022-09-30,2.377,2.39,2.305,2.307,64841377
2022-10-10,2.306,2.32,2.246,2.25,53655600
2022-10-11,2.258,2.331,2.258,2.323,66756000
2022-10-12,2.318,2.416,2.279,2.412,95031700
2022-10-13,2.4,2.423,2.376,2.379,69379700
2022-10-14,2.412,2.443,2.37,2.421,82214122
2022-10-17,2.4,2.416,2.368,2.406,62262800
2022-10-18,2.446,2.459,2.411,2.421,57918300
2022-10-19,2.417,2.479,2.411,2.425,69067100
2022-10-20,2.4,2.4,2.328,2.357,88591831
2022-10-21,2.352,2.377,2.334,2.342,48587131
2022-10-24,2.342,2.389,2.293,2.316,59531907
2022-10-25,2.29,2.362,2.263,2.337,52930300
2022-10-26,2.338,2.378,2.32,2.35,78456700
2022-10-27,2.36,2.39,2.318,2.319,52117200
2022-10-28,2.298,2.307,2.187,2.19,102074300
2022-10-31,2.173,2.257,2.172,2.223,67696800
2022-11-01,2.23,2.33,2.224,2.328,87973800
2022-11-02,2.314,2.388,2.306,2.371,90649600
2022-11-03,2.349,2.399,2.349,2.37,50774906
2022-11-04,2.377,2.51,2.377,2.495,105241500
2022-11-07,2.495,2.53,2.476,2.503,66833324
2022-11-08,2.503,2.547,2.474,2.511,67781103
2022-11-09,2.515,2.518,2.466,2.466,49801800
2022-11-10,2.433,2.449,2.377,2.398,76091176
2022-11-11,2.48,2.488,2.424,2.442,93429702
2022-11-14,2.432,2.47,2.369,2.377,70455902
2022-11-15,2.369,2.435,2.349,2.434,71385800
2022-11-16,2.435,2.435,2.368,2.37,66958000
2022-11-17,2.347,2.361,2.295,2.322,121718269
2022-11-18,2.321,2.35,2.294,2.303,81866800
2022-11-21,2.296,2.344,2.281,2.334,67504864
2022-11-22,2.317,2.325,2.273,2.279,64768900
2022-11-23,2.273,2.306,2.251,2.294,85766300
2022-11-24,2.303,2.329,2.285,2.3,46635800
2022-11-25,2.289,2.292,2.247,2.248,49518500
2022-11-28,2.216,2.235,2.192,2.234,54369000
2022-11-29,2.234,2.264,2.218,2.249,66262500
2022-11-30,2.255,2.305,2.243,2.29,72625657
2022-12-01,2.347,2.357,2.322,2.323,86132900
2022-12-02,2.308,2.344,2.307,2.316,59162800
2022-12-05,2.323,2.331,2.3,2.313,59487341
2022-12-06,2.304,2.366,2.283,2.34,70598821
2022-12-07,2.332,2.419,2.327,2.387,101004891
2022-12-08,2.382,2.405,2.36,2.383,44462188
2022-12-09,2.379,2.394,2.359,2.375,44951049
2022-12-12,2.374,2.374,2.337,2.343,42336549
2022-12-13,2.34,2.357,2.304,2.308,46637939
2022-12-14,2.301,2.322,2.287,2.293,39450400
2022-12-15,2.295,2.362,2.284,2.352,68949000
2022-12-16,2.332,2.349,2.288,2.299,55032370
2022-12-19,2.298,2.364,2.29,2.305,63149910
2022-12-20,2.295,2.303,2.253,2.258,79664451
2022-12-21,2.264,2.274,2.233,2.24,57794700
2022-12-22,2.256,2.261,2.192,2.199,70324001
2022-12-23,2.18,2.196,2.153,2.17,61023700
2022-12-26,2.166,2.247,2.163,2.245,60925400
2022-12-27,2.244,2.257,2.221,2.252,57456800
2022-12-28,2.231,2.231,2.179,2.205,60219119
2022-12-29,2.195,2.232,2.195,2.209,67763200
2022-12-30,2.23,2.24,2.174,2.178,70040700
2023-01-03,2.179,2.208,2.146,2.204,61950539
2023-01-04,2.194,2.2,2.153,2.159,84042468
2023-01-05,2.172,2.248,2.168,2.231,97528263
2023-01-06,2.22,2.3,2.217,2.266,313434100
2023-01-09,2.279,2.321,2.279,2.287,123712300
2023-01-10,2.281,2.323,2.252,2.309,94304271
2023-01-11,2.306,2.318,2.276,2.281,55843700
2023-01-12,2.288,2.353,2.288,2.321,78634300
2023-01-13,2.331,2.352,2.3,2.326,70711900
2023-01-16,2.327,2.353,2.306,2.335,87410600
2023-01-17,2.335,2.358,2.329,2.335,54591300
2023-01-18,2.336,2.365,2.332,2.341,55475073
2023-01-19,2.34,2.349,2.323,2.348,53982800
2023-01-20,2.349,2.387,2.343,2.383,67135800
2023-01-30,2.477,2.5,2.445,2.447,140471736
2023-01-31,2.449,2.47,2.438,2.446,67865500
2023-02-01,2.453,2.5,2.453,2.496,79999836
2023-02-02,2.506,2.508,2.471,2.476,59822900
2023-02-03,2.472,2.472,2.407,2.438,88690122
2023-02-06,2.43,2.43,2.381,2.402,81825000
2023-02-07,2.402,2.418,2.39,2.407,74295700
2023-02-08,2.409,2.435,2.4,2.411,108933900
2023-02-09,2.415,2.432,2.392,2.43,87528747
2023-02-10,2.43,2.43,2.382,2.392,61273000
2023-02-13,2.39,2.416,2.381,2.409,66502294
2023-02-14,2.42,2.424,2.387,2.397,59825400
2023-02-15,2.404,2.418,2.379,2.38,47956800
2023-02-16,2.383,2.396,2.319,2.338,74602500
2023-02-17,2.339,2.347,2.286,2.287,65685400
2023-02-20,2.278,2.294,2.245,2.292,78674500
2023-02-21,2.293,2.311,2.275,2.299,62225100
2023-02-22,2.28,2.292,2.271,2.274,47226291
2023-02-23,2.277,2.294,2.275,2.287,50908500
2023-02-24,2.287,2.289,2.251,2.26,47087200
2023-02-27,2.25,2.261,2.233,2.238,53141300
2023-02-28,2.245,2.255,2.227,2.251,51124500
2023-03-01,2.254,2.265,2.236,2.263,72507600
2023-03-02,2.267,2.267,2.228,2.23,78824926
2023-03-03,2.233,2.241,2.217,2.226,69795800
2023-03-06,2.231,2.232,2.182,2.23,87003241
2023-03-07,2.225,2.226,2.19,2.191,73371641
2023-03-08,2.185,2.198,2.17,2.178,56035200
2023-03-09,2.175,2.2,2.172,2.182,52402700
2023-03-10,2.176,2.176,2.141,2.15,115019000
2023-03-13,2.144,2.148,2.108,2.119,79480500
2023-03-14,2.118,2.118,2.057,2.102,128268517
2023-03-15,2.106,2.135,2.091,2.092,76112700
2023-03-16,2.081,2.092,2.049,2.054,77885074
2023-03-17,2.067,2.078,2.041,2.047,72819218
2023-03-20,2.047,2.073,2.022,2.053,74227890
2023-03-21,2.057,2.102,2.05,2.102,77865713
2023-03-22,2.114,2.146,2.107,2.115,82739467
2023-03-23,2.103,2.122,2.098,2.108,62446378
2023-03-24,2.108,2.127,2.091,2.115,63985000
2023-03-27,2.114,2.128,2.095,2.12,60030400
2023-03-28,2.118,2.125,2.097,2.098,55515400
2023-03-29,2.103,2.134,2.103,2.11,64941200
2023-03-30,2.111,2.13,2.101,2.13,65009699
2023-03-31,2.133,2.167,2.13,2.138,125608300
2023-04-03,2.138,2.159,2.118,2.143,88177100
2023-04-04,2.139,2.14,2.076,2.09,92481400
2023-04-06,2.09,2.09,2.06,2.082,65530300
2023-04-07,2.077,2.107,2.077,2.085,99584500
2023-04-10,2.092,2.135,2.087,2.135,130639993
2023-04-11,2.135,2.148,2.118,2.13,79293254
2023-04-12,2.132,2.132,2.095,2.103,80089600
2023-04-13,2.097,2.101,2.077,2.081,80341000
2023-04-14,2.085,2.148,2.081,2.131,119417200
2023-04-17,2.131,2.162,2.129,2.145,86636132
2023-04-18,2.146,2.182,2.146,2.147,99665953
2023-04-19,2.152,2.155,2.125,2.131,73566819
2023-04-20,2.129,2.129,2.07,2.072,114791927
2023-04-21,2.069,2.099,2.043,2.047,88394600
2023-04-24,2.044,2.054,2.013,2.016,105011032
2023-04-25,2.013,2.016,1.913,1.929,222450300
2023-04-26,1.926,2.039,1.915,2.01,142934185
2023-04-27,2.007,2.043,2.001,2.03,80380800
2023-04-28,2.034,2.05,2.009,2.023,79843410
2023-05-04,2.018,2.043,1.998,2.001,126294900
2023-05-05,2.001,2.007,1.96,1.976,164129000
2023-05-08,1.985,2.011,1.973,1.994,76340000
2023-05-09,1.985,1.991,1.958,1.958,75053600
2023-05-10,1.962,2.037,1.946,2.014,135101279
2023-05-11,2.013,2.068,2.006,2.046,125592178
2023-05-12,2.048,2.072,2.015,2.015,110760178
2023-05-15,2.021,2.097,2.021,2.096,142386674
2023-05-16,2.098,2.103,2.08,2.092,82941700
2023-05-17,2.094,2.104,2.066,2.085,85139600
2023-05-18,2.086,2.09,2.04,2.059,92698800
2023-05-19,2.056,2.066,2.038,2.046,81855900
2023-05-22,2.046,2.069,2.034,2.065,76524000
2023-05-23,2.065,2.075,2.035,2.037,104650500
2023-05-24,2.032,2.053,2.02,2.025,83832000
2023-05-25,2.017,2.037,2.005,2.015,73346298
2023-05-26,2.013,2.013,1.96,1.984,92981287
2023-05-29,1.993,1.998,1.948,1.956,88746748
2023-05-30,1.951,1.985,1.948,1.98,89079700
2023-05-31,1.977,1.977,1.944,1.954,87850800
2023-06-01,1.955,1.988,1.944,1.962,59713128
2023-06-02,1.967,2.019,1.967,2.018,95665634
2023-06-05,2.024,2.024,1.971,1.992,81287700
2023-06-06,1.989,1.993,1.96,1.965,109970000
2023-06-07,1.967,1.975,1.92,1.924,131150287
2023-06-08,1.924,1.951,1.918,1.923,124267890
2023-06-09,1.931,1.95,1.922,1.933,104765900
2023-06-12,1.929,1.96,1.919,1.948,72563500
2023-06-13,1.947,1.958,1.937,1.952,55760800
2023-06-14,1.958,1.963,1.933,1.933,72071400
2023-06-15,1.935,2.031,1.934,2.029,158959192
2023-06-16,2.035,2.044,2.019,2.033,211828000
2023-06-19,2.033,2.043,2.008,2.011,84563531
2023-06-20,2.011,2.029,1.999,2.008,86961913
2023-06-21,2.005,2.03,1.977,1.978,98062917
2023-06-26,1.955,2.003,1.951,1.976,105596000
2023-06-27,1.976,1.987,1.952,1.974,74504754
2023-06-28,1.98,1.985,1.955,1.977,65765200
2023-06-29,1.97,1.988,1.966,1.968,55085200
2023-06-30,1.961,2.027,1.961,2.017,128537281
2023-07-03,2.021,2.051,2.019,2.029,81001100
2023-07-04,2.03,2.047,2.014,2.039,102392600
2023-07-05,2.039,2.063,2.029,2.042,95403417
2023-07-06,2.035,2.035,2.004,2.011,71431100
2023-07-07,2.005,2.006,1.985,1.986,75358100
2023-07-10,1.995,2.039,1.994,2.016,72278200
2023-07-11,2.017,2.038,2.001,2.035,70309100
2023-07-12,2.035,2.047,2.02,2.024,65466250
2023-07-13,2.036,2.053,2.028,2.038,74450200
2023-07-14,2.036,2.038,2.013,2.016,61804900
2023-07-17,2.017,2.017,1.981,1.991,75476400
2023-07-18,1.991,2.0,1.974,1.99,60527400
2023-07-19,1.987,1.992,1.959,1.97,98048021
2023-07-20,1.97,2.0,1.966,1.968,70608500
2023-07-21,1.961,1.97,1.943,1.953,81413560
2023-07-24,1.946,1.946,1.922,1.923,74506400
2023-07-25,1.948,1.974,1.946,1.972,76989476
2023-07-26,1.972,1.979,1.958,1.962,61873700
2023-07-27,1.977,1.989,1.956,1.961,71229110
2023-07-28,1.955,1.983,1.942,1.978,107213200
2023-07-31,1.985,2.033,1.98,2.014,117928300
2023-08-01,2.013,2.019,1.997,2.0,97459376
2023-08-02,2.002,2.016,1.997,2.0,60002400
2023-08-03,1.998,2.013,1.995,2.012,89518350
2023-08-04,2.021,2.043,2.011,2.029,82035775
2023-08-07,2.028,2.035,2.012,2.018,64244060
2023-08-08,2.013,2.02,2.003,2.009,57932575
2023-08-09,2.002,2.008,1.991,2.001,62694000
2023-08-10,2.003,2.022,1.994,2.005,80109800
2023-08-11,2.005,2.007,1.958,1.959,93169346
2023-08-14,1.95,1.95,1.902,1.928,78622538
2023-08-15,1.928,1.935,1.891,1.906,124315135
2023-08-16,1.901,1.921,1.891,1.891,114123600
2023-08-17,1.891,1.913,1.875,1.904,67720700
2023-08-18,1.905,1.913,1.87,1.873,77116700
2023-08-21,1.871,1.876,1.84,1.841,76435200
2023-08-22,1.845,1.86,1.794,1.83,93110741
2023-08-23,1.829,1.829,1.781,1.782,71866700
2023-08-24,1.784,1.809,1.774,1.791,85143000
2023-08-25,1.78,1.786,1.762,1.768,56159600
2023-08-28,1.865,1.877,1.769,1.782,74433543
2023-08-29,1.772,1.843,1.77,1.831,80028243
2023-08-30,1.833,1.855,1.822,1.826,64048800
2023-08-31,1.821,1.823,1.803,1.812,55655290
2023-09-01,1.815,1.825,1.806,1.813,32793900
2023-09-04,1.82,1.836,1.8,1.834,64883500
2023-09-05,1.832,1.84,1.822,1.828,52460200
2023-09-06,1.825,1.827,1.811,1.824,54871700
2023-09-07,1.818,1.819,1.782,1.783,56379717
2023-09-08,1.781,1.782,1.757,1.764,47034700
2023-09-11,1.765,1.79,1.751,1.776,54745100
2023-09-12,1.784,1.807,1.773,1.789,52087600
2023-09-13,1.781,1.791,1.757,1.764,66190000
2023-09-14,1.75,1.758,1.73,1.737,78030000
2023-09-15,1.74,1.743,1.718,1.725,77228500
2023-09-18,1.72,1.775,1.718,1.75,73030200
2023-09-19,1.749,1.749,1.726,1.732,48751600
2023-09-20,1.724,1.731,1.709,1.71,55126100
2023-09-21,1.701,1.715,1.69,1.693,46478370
2023-09-22,1.694,1.726,1.689,1.725,49936800
2023-09-25,1.724,1.731,1.709,1.716,42038700
2023-09-26,1.715,1.715,1.692,1.693,38200900
2023-09-27,1.689,1.73,1.688,1.706,52333400
2023-09-28,1.709,1.723,1.694,1.702,48422769
2023-10-09,1.696,1.702,1.677,1.691,52573200
2023-10-10,1.688,1.717,1.686,1.688,39249600
2023-10-11,1.697,1.702,1.681,1.685,37689200
2023-10-12,1.698,1.739,1.689,1.735,71117600
2023-10-13,1.726,1.726,1.695,1.704,49055400
2023-10-16,1.705,1.708,1.655,1.662,64387800
2023-10-17,1.663,1.688,1.661,1.674,51035200
2023-10-18,1.677,1.678,1.654,1.661,42355700
2023-10-19,1.643,1.652,1.624,1.625,44792302
2023-10-20,1.621,1.662,1.617,1.643,59033900
2023-10-23,1.642,1.642,1.59,1.599,81948193
2023-10-24,1.595,1.624,1.595,1.615,108000900
2023-10-25,1.623,1.64,1.61,1.61,59091800
2023-10-26,1.595,1.62,1.575,1.62,84805400
2023-10-27,1.614,1.679,1.603,1.675,136664600
2023-10-30,1.665,1.698,1.661,1.69,103887400
2023-10-31,1.682,1.682,1.652,1.661,72216800
2023-11-01,1.663,1.667,1.643,1.654,75166400
2023-11-02,1.657,1.664,1.63,1.631,91022000
2023-11-03,1.633,1.659,1.633,1.654,62559000
2023-11-06,1.662,1.714,1.661,1.71,97273000
2023-11-07,1.705,1.707,1.692,1.702,61216000
2023-11-08,1.702,1.71,1.685,1.699,67836400
2023-11-09,1.696,1.711,1.693,1.701,59545400
2023-11-10,1.687,1.693,1.679,1.686,57579200
2023-11-13,1.689,1.698,1.677,1.686,55126800
2023-11-14,1.688,1.693,1.668,1.677,63007500
2023-11-15,1.692,1.713,1.692,1.704,80985234
2023-11-16,1.704,1.704,1.671,1.672,62067100
2023-11-17,1.67,1.684,1.663,1.68,49477100
2023-11-20,1.682,1.689,1.661,1.684,66872800
2023-11-21,1.687,1.698,1.668,1.671,72306200
2023-11-22,1.663,1.666,1.63,1.63,78648900
2023-11-23,1.63,1.645,1.623,1.644,51862673
2023-11-24,1.644,1.644,1.612,1.615,59519400
2023-11-27,1.615,1.616,1.585,1.592,55314200
2023-11-28,1.587,1.607,1.583,1.607,48382700
2023-11-29,1.607,1.607,1.583,1.588,50001500
2023-11-30,1.588,1.593,1.568,1.574,51715600
2023-12-01,1.574,1.577,1.551,1.567,61667600
2023-12-04,1.564,1.569,1.553,1.556,50059800
2023-12-05,1.553,1.574,1.538,1.539,56972500
2023-12-06,1.536,1.601,1.533,1.58,97891801
2023-12-07,1.573,1.577,1.551,1.564,52249400
2023-12-08,1.573,1.578,1.553,1.559,51029904
2023-12-11,1.552,1.566,1.526,1.565,68724800
2023-12-12,1.558,1.564,1.548,1.554,52908649
2023-12-13,1.555,1.556,1.517,1.519,68426500
2023-12-14,1.53,1.543,1.505,1.507,62487100
2023-12-15,1.512,1.532,1.505,1.51,57233500
2023-12-18,1.498,1.51,1.469,1.471,76209600
2023-12-19,1.467,1.488,1.466,1.483,157371600
2023-12-20,1.482,1.484,1.453,1.454,57934700
2023-12-21,1.445,1.495,1.444,1.485,225468500
2023-12-22,1.481,1.526,1.463,1.501,144054403
2023-12-25,1.5,1.52,1.495,1.51,49448700
2023-12-26,1.512,1.513,1.493,1.5,77741800
2023-12-27,1.5,1.503,1.483,1.491,46637200
2023-12-28,1.49,1.575,1.483,1.568,122319651
2023-12-29,1.56,1.582,1.56,1.574,75075500
2024-01-02,1.574,1.575,1.537,1.537,70759800
2024-01-03,1.535,1.543,1.519,1.53,60429900
2024-01-04,1.525,1.529,1.498,1.503,63813600
2024-01-05,1.499,1.538,1.486,1.495,65452100
2024-01-08,1.49,1.507,1.467,1.467,59982500
2024-01-09,1.469,1.501,1.455,1.482,67820100
2024-01-10,1.48,1.51,1.458,1.481,78696600
2024-01-11,1.474,1.543,1.472,1.528,92313705
2024-01-12,1.521,1.541,1.515,1.519,77809100
2024-01-15,1.51,1.512,1.485,1.493,68557900
2024-01-16,1.487,1.516,1.481,1.503,128058900
2024-01-17,1.495,1.497,1.448,1.449,83125400
2024-01-18,1.443,1.473,1.429,1.472,81792600
2024-01-19,1.457,1.499,1.457,1.463,81265600
2024-01-22,1.451,1.452,1.395,1.4,93244800
2024-01-23,1.398,1.429,1.381,1.415,70664000
2024-01-24,1.417,1.425,1.366,1.41,73685400
2024-01-25,1.41,1.432,1.385,1.43,80196700
2024-01-26,1.42,1.429,1.402,1.404,67936800
2024-01-29,1.405,1.408,1.351,1.351,82198600
2024-01-30,1.344,1.355,1.305,1.307,76312600
2024-01-31,1.3,1.332,1.287,1.287,75650000
2024-02-01,1.279,1.31,1.272,1.287,71128000
2024-02-02,1.285,1.292,1.209,1.246,91113400
2024-02-05,1.227,1.25,1.172,1.218,96972300
2024-02-06,1.202,1.305,1.202,1.302,117298800
2024-02-07,1.299,1.345,1.291,1.333,93650404
2024-02-08,1.343,1.394,1.341,1.37,97776304
2024-02-19,1.38,1.388,1.345,1.356,78815100
2024-02-20,1.35,1.352,1.329,1.35,69473375
2024-02-21,1.337,1.396,1.335,1.37,67910600
2024-02-22,1.368,1.375,1.359,1.373,40664100
2024-02-23,1.374,1.387,1.362,1.384,62525400
2024-02-26,1.392,1.407,1.38,1.39,70723700
2024-02-27,1.391,1.422,1.383,1.421,52763100
2024-02-28,1.426,1.462,1.39,1.391,75686034
2024-02-29,1.383,1.446,1.38,1.444,80761700
2024-03-01,1.45,1.461,1.433,1.454,52206000
2024-03-04,1.45,1.469,1.434,1.444,53546400
2024-03-05,1.431,1.436,1.417,1.431,66613800
2024-03-06,1.42,1.451,1.413,1.435,52257100
2024-03-07,1.435,1.445,1.407,1.408,96972600
2024-03-08,1.404,1.422,1.397,1.412,61548800
2024-03-11,1.418,1.51,1.418,1.506,456961947
2024-03-12,1.518,1.523,1.498,1.519,120780100
2024-03-13,1.515,1.526,1.506,1.512,53429300
2024-03-14,1.515,1.534,1.489,1.5,66440300
2024-03-15,1.491,1.509,1.471,1.508,68571500
2024-03-18,1.521,1.546,1.521,1.545,83055100
2024-03-19,1.541,1.55,1.528,1.529,61913100
2024-03-20,1.525,1.542,1.521,1.53,44651400
2024-03-21,1.537,1.537,1.512,1.515,53775900
2024-03-22,1.518,1.518,1.474,1.478,77870300
2024-03-25,1.475,1.482,1.447,1.447,56347200
2024-03-26,1.447,1.495,1.447,1.488,86551300
2024-03-27,1.483,1.484,1.433,1.435,63303362
2024-03-28,1.431,1.464,1.431,1.446,49243362
2024-03-29,1.45,1.471,1.443,1.456,51535700
2024-04-01,1.461,1.513,1.461,1.513,78545000
2024-04-02,1.515,1.535,1.503,1.532,71616300
2024-04-03,1.534,1.546,1.519,1.524,72967500
2024-04-08,1.522,1.539,1.492,1.492,77606500
2024-04-09,1.495,1.542,1.493,1.541,72663874
2024-04-10,1.545,1.546,1.507,1.518,68871374
2024-04-11,1.504,1.525,1.489,1.513,57746600
2024-04-12,1.508,1.513,1.471,1.474,67577100
2024-04-15,1.472,1.505,1.464,1.484,61503100
2024-04-16,1.481,1.481,1.429,1.433,62458300
2024-04-17,1.434,1.469,1.434,1.468,52738200
2024-04-18,1.461,1.492,1.443,1.476,74907100
2024-04-19,1.468,1.468,1.433,1.443,50421500
2024-04-22,1.434,1.457,1.427,1.428,45114292
2024-04-23,1.429,1.434,1.405,1.408,88382400
2024-04-24,1.406,1.408,1.385,1.404,84509500
2024-04-25,1.392,1.422,1.386,1.41,44228000
2024-04-26,1.409,1.443,1.402,1.443,58015200
2024-04-29,1.45,1.512,1.448,1.497,89864600
2024-04-30,1.504,1.504,1.471,1.475,49997800
2024-05-06,1.505,1.527,1.505,1.521,63010600
2024-05-07,1.522,1.526,1.509,1.523,38254300
2024-05-08,1.523,1.523,1.494,1.494,75626600
2024-05-09,1.5,1.548,1.5,1.539,63015500
2024-05-10,1.538,1.538,1.507,1.513,50081500
2024-05-13,1.501,1.501,1.476,1.481,47775500
2024-05-14,1.48,1.494,1.472,1.475,40292900
2024-05-15,1.47,1.489,1.456,1.459,29157600
2024-05-16,1.462,1.468,1.45,1.453,38294000
2024-05-17,1.452,1.482,1.445,1.482,39288500
2024-05-20,1.482,1.495,1.476,1.484,37885400
2024-05-21,1.48,1.481,1.458,1.462,35690900
2024-05-22,1.463,1.485,1.461,1.481,44555000
2024-05-23,1.473,1.473,1.446,1.449,43620900
2024-05-24,1.441,1.45,1.422,1.425,39941520
2024-05-27,1.427,1.434,1.409,1.432,27275500
2024-05-28,1.428,1.431,1.413,1.415,29939024
2024-05-29,1.417,1.447,1.417,1.443,38988820
2024-05-30,1.444,1.454,1.439,1.446,31640920
2024-05-31,1.447,1.462,1.443,1.444,29106100
2024-06-03,1.444,1.451,1.424,1.443,33827600
2024-06-04,1.442,1.46,1.436,1.458,31650800
2024-06-05,1.457,1.479,1.454,1.455,34811300
2024-06-06,1.457,1.464,1.43,1.434,32048083
2024-06-07,1.435,1.44,1.391,1.405,41581100
2024-06-11,1.396,1.416,1.39,1.416,36125600
2024-06-12,1.41,1.415,1.402,1.406,23919083
2024-06-13,1.41,1.427,1.405,1.412,35707900
2024-06-14,1.412,1.416,1.39,1.415,32876100
2024-06-17,1.41,1.444,1.4,1.434,40411300
2024-06-18,1.438,1.438,1.426,1.433,22026200
2024-06-19,1.434,1.436,1.404,1.405,30219700
2024-06-20,1.405,1.405,1.37,1.37,42873200
2024-06-21,1.366,1.374,1.351,1.359,33266900
2024-06-24,1.352,1.353,1.331,1.332,31186000
2024-06-25,1.332,1.342,1.315,1.321,30348500
2024-06-26,1.315,1.352,1.305,1.352,39054100
2024-06-27,1.352,1.352,1.321,1.321,29333400
2024-06-28,1.322,1.334,1.306,1.308,38052000
2024-07-01,1.308,1.308,1.275,1.298,35323800
2024-07-02,1.299,1.307,1.286,1.29,29795400
2024-07-03,1.293,1.308,1.282,1.296,32735600
2024-07-04,1.301,1.309,1.28,1.28,33023600
2024-07-05,1.278,1.282,1.263,1.274,35362392
2024-07-08,1.27,1.27,1.241,1.244,34302800
2024-07-09,1.242,1.27,1.23,1.265,39674100
2024-07-10,1.264,1.296,1.261,1.272,35542001
2024-07-11,1.284,1.322,1.284,1.313,46885900
